{"cameraMode":{"drawMode":0,"name":"Shaded","section":"Shading Mode"},"sceneLighting":false,"audioPlay":false,"sceneViewState":{"showFog":true,"showMaterialUpdate":false,"showSkybox":false,"showFlares":true,"showImageEffects":true,"showParticleSystems":true},"in2DMode":false,"pivot":{"x":-43.2022590637207,"y":57.6165885925293,"z":-49.77264404296875},"rotation":{"x":0.2430448830127716,"y":0.5871859192848206,"z":-0.19065946340560914,"w":0.7482595443725586},"size":4.504825592041016,"orthographic":false}