{"cameraMode":{"drawMode":0,"name":"Shaded","section":"Shading Mode"},"sceneLighting":false,"audioPlay":false,"sceneViewState":{"showFog":true,"showMaterialUpdate":false,"showSkybox":false,"showFlares":true,"showImageEffects":true,"showParticleSystems":true},"in2DMode":false,"pivot":{"x":0.034028828144073489,"y":-0.03894999623298645,"z":-0.0630987286567688},"rotation":{"x":-0.0045127468183636669,"y":-0.9505112767219544,"z":0.3107251226902008,"w":-0.013909365981817246},"size":0.47176113724708559,"orthographic":false}