{"cameraMode":{"drawMode":0,"name":"Shaded","section":"Shading Mode"},"sceneLighting":true,"audioPlay":false,"sceneViewState":{"showFog":true,"showMaterialUpdate":false,"showSkybox":false,"showFlares":true,"showImageEffects":true,"showParticleSystems":true},"in2DMode":false,"pivot":{"x":-0.5167021751403809,"y":0.49115189909935,"z":0.6747785210609436},"rotation":{"x":0.051560722291469577,"y":-0.7056841254234314,"z":0.051529888063669208,"w":0.704939067363739},"size":0.9949873685836792,"orthographic":false}